line_id 1	sent1 ハチが花にとまった。	sent2 それが花粉を持っていたからだ。
line_id 2	sent1 ハチが花にとまった。	sent2 それが花粉がほしかったからだ。
line_id 5	sent1 バスの運転手は子供に怒鳴った。	sent2 彼女が彼女の車を運転した後のことだ。
line_id 6	sent1 バスの運転手は子供に怒鳴った。	sent2 彼女が窓ガラスを割ったからだ。
line_id 9	sent1 ジンボはボバートを非難した。	sent2 彼が動物園から象を盗んだからだ。
line_id 10	sent1 ジンボはボバートを非難した。	sent2 彼は自分の怒りを抑えられなかったのだ。
line_id 15	sent1 鳥はパイを食べた。	sent2 そしてそれは死んだ。
line_id 17	sent1 鳥が枝に止まった。	sent2 そしてそれは曲がった。
line_id 18	sent1 鳥が枝に止まった。	sent2 そしてそれは囀った。
line_id 25	sent1 コーチは選手を批判した。	sent2 彼がチームのフォーメーションを守らなかったからだ。
line_id 26	sent1 コーチは選手を批判した。	sent2 彼は皆にチームのフォーメーションを崩さないよう厳命していたからだ。
line_id 30	sent1 ジェームズはロバートに頼みごとをした。	sent2 しかし彼は断られた。
line_id 33	sent1 医師はスーザンに話した。	sent2 　彼女に癌があることを。
line_id 41	sent1 ロッキーはクラバー・ラングに負けた。	sent2 彼は闘う準備ができていなかったからだ。
line_id 42	sent1 ロッキーはクラバー・ラングに負けた。	sent2 彼は闘う準備ができていたからだ。
line_id 43	sent1 アーロンはダンにキスをした。	sent2 彼がそうしたかったからだ。
line_id 44	sent1 アーロンはダンにキスをした。	sent2 彼にそうしてもらいたかったからだ。
line_id 46	sent1 学生たちは教授の講義中に居眠りをした。	sent2 彼らは退屈したからだ。
line_id 47	sent1 デリックは上司に昇給を求めた。	sent2 しかし彼はそうしてもらえなかった。
line_id 48	sent1 デリックは上司に昇給を求めた。	sent2 しかし彼はそうしてやらなかった。
line_id 51	sent1 オーケストラは聴衆からブーイングを受けた。	sent2 彼らが下手な演奏をしたからだ。
line_id 54	sent1 ジェイコブはウィリアムにお金を渡した。	sent2 彼が車を売ったからだ。
line_id 55	sent1 アレクサンドラはケリーに入れ墨をするなと言った。	sent2 彼女は彼女を保守的に育てたからだ。
line_id 56	sent1 アレクサンドラはケリーに入れ墨をするなと言った。	sent2 彼女がプロ意識に欠けると見られそうだからだ。
line_id 57	sent1 オリビアはエミリーに忠告しようとした。	sent2 しかし彼女は関心を示さなかった。
line_id 58	sent1 オリビアはエミリーに忠告しようとした。	sent2 しかし彼女は撥ね付けられた。
line_id 65	sent1 彼はニコニコマークに雪を乗せた。	sent2 それは濡れていたからだ。
line_id 68	sent1 子猫は毛糸で遊んだ。	sent2 それは退屈していたからだ。
line_id 77	sent1 ボールが窓に当たった。	sent2 ビルはそれを修理した。
line_id 78	sent1 ボールが窓に当たった。	sent2 ビルはそれをキャッチした。
line_id 79	sent1 ロバートはクリスを首にした。	sent2 彼は仕事ができなかったからだ。
line_id 80	sent1 ロバートはクリスを首にした。	sent2 彼はもはや従業員を必要としなかったからだ。
line_id 84	sent1 若者は老人を追い越した。	sent2 彼が腰を骨折したからだ。
line_id 89	sent1 サムはサリーを騙した。	sent2 だが彼女は泣かなかった。
line_id 90	sent1 サムはサリーを騙した。	sent2 だが彼女は悔やまなかった。
line_id 91	sent1 キースはブレインを解雇した。	sent2 しかし彼は後悔しなかった。
line_id 95	sent1 ジョンはビルを軽くたたいた。	sent2 彼は彼のシャツにハエがいるのを見たからだ。
line_id 96	sent1 ジョンはビルを軽くたたいた。	sent2 彼はシャツにハエがいたからだ。
line_id 103	sent1 猫がガラスを割った。	sent2 それが壊れやすかったからだ。
line_id 105	sent1 ビルはジムに２０ドル返した。	sent2 彼がお金を借りたからだ。
line_id 106	sent1 ビルはジムに２０ドル返した。	sent2 彼がお金を貸したからだ。
line_id 107	sent1 赤チームは青チームを負かした。	sent2 彼らが最後のペナルティーキックを成功させたからだ。
line_id 108	sent1 赤チームは青チームを負かした。	sent2 彼らが最後のペナルティーキックを失敗したからだ。
line_id 111	sent1 染みのある老人はカートを押しながら通り過ぎる旅客にゆっくり手を振った。	sent2 彼は誰にでも手をふるからだ。
line_id 112	sent1 染みのある老人はカートを押しながら通り過ぎる旅客にゆっくり手を振った。	sent2 彼が彼に手を振ったからだ。
line_id 116	sent1 瓶からキャップが落ちた。	sent2 それは閉められていなかったからだ
line_id 117	sent1 少年は彼の友達を呼ぼうとした。	sent2 しかし彼は声を出すことができなかった。
line_id 121	sent1 ドライブインのウェイターが男に盆を運んできた。	sent2 しかし彼は彼のフライドポテトを忘れた。
line_id 122	sent1 ドライブインのウェイターが男に盆を運んできた。	sent2 しかし彼は車の中にいなかった。
line_id 130	sent1 未就学児童が高齢者を訪れた。	sent2 彼らは手厚くもてなした。
line_id 138	sent1 ケビンはマイケルを見つめた。	sent2 そして彼は彼の注意を引きつけた。
line_id 142	sent1 デイビッドはビルを叩いた。	sent2 メアリーが彼にそうしてくれと頼んだからだ。
line_id 143	sent1 イングランドはスペインに勝った。	sent2 彼らが周到に準備したからだ。
line_id 144	sent1 イングランドはスペインに勝った。	sent2 彼らが完璧に準備しなかったからだ。
line_id 145	sent1 キャロラインは瞬く間にスーを負かした。	sent2 彼女が自信を回復したからだ。
line_id 146	sent1 キャロラインは瞬く間にスーを負かした。	sent2 彼女が自信を失ったからだ。
line_id 153	sent1 会社は決議案を受け入れた。	sent2 それが巧くまとめられていたからだ。
line_id 155	sent1 紙は石に勝つ。	sent2 だがそれはハサミに負ける。
line_id 156	sent1 紙は石に勝つ。	sent2 だがそれはハサミを負かすことができる。
line_id 158	sent1 教師は学生に言った。	sent2 彼はもっと良いものを彼に期待すると。
line_id 161	sent1 コーチはキャプテンに言った。	sent2 彼は彼のことを誇りに思うと。
line_id 167	sent1 リスは木の実を埋める。	sent2 だから彼らはそれらを無くさない。
line_id 168	sent1 リスは木の実を埋める。	sent2 だからそれらは無くされることがない。
line_id 172	sent1 クモはハエを食べた。	sent2 彼が美味しそうに見えたからだ。
line_id 173	sent1 看護師はその少女にペロペロキャンディーをあげた。	sent2 彼女が泣き止むように。
line_id 174	sent1 看護師はその少女にペロペロキャンディーをあげた。	sent2 彼女はあまり沢山もっていたから。
line_id 175	sent1 警察官はその泥棒を追いかけた。	sent2 彼が銀行から盗もうとしていたからだ。
line_id 177	sent1 修理工は男に１００ドルを請求した。	sent2 彼は何の作業もしていなかったのにだ。
line_id 178	sent1 修理工は男に１００ドルを請求した。	sent2 彼が８０ドルしか持っていなかったのにだ。
line_id 179	sent1 猫は大きな犬を見た。	sent2 そしてそれは怯えた。
line_id 180	sent1 猫は大きな犬を見た。	sent2 そしてそれは威嚇するように吠えた。
line_id 181	sent1 バットマンは泥棒を捕まえた。	sent2 すると彼は何もやっていないと訴えた。
line_id 182	sent1 バットマンは泥棒を捕まえた。	sent2 そして彼は盗まれたダイアを取り戻した。
line_id 183	sent1 奴隷解放宣言で奴隷制は違法となった。	sent2 しかしそれはまだ行われている。
line_id 199	sent1 ショーンはジョーを叩いた。	sent2 しかし彼は叫び声を上げなかった。
line_id 200	sent1 ショーンはジョーを叩いた。	sent2 しかし彼は謝らなかった。
line_id 201	sent1 ケイティはジェーンを訴えた。	sent2 しかし彼女は有罪にならなかった。
line_id 202	sent1 ケイティはジェーンを訴えた。	sent2 しかし彼女はそのことを心苦しく思った。
line_id 203	sent1 シェリーはカーラを呼んだ。	sent2 しかし彼女は答えなかった。
line_id 204	sent1 シェリーはカーラを呼んだ。	sent2 しかし彼女は後にそのことを後悔した。
line_id 206	sent1 スティーブンは大統領を暗殺した。	sent2 彼はそれをすることに報酬を受けたからだ。
line_id 211	sent1 ジョンソンはデイビッドと親交を結びたかった。	sent2 彼には人脈があったからだ。
line_id 212	sent1 ジョンソンはデイビッドと親交を結びたかった。	sent2 彼は助けを求めていたのだ。
line_id 219	sent1 ステファニーはブランディに花をあげた。	sent2 彼女はそれを沢山もっていたからだ。
line_id 226	sent1 ジョンはビルに感謝した。	sent2 彼が助けになったからだ。
line_id 231	sent1 ゴジラは東京中を踏みつけるだろう。	sent2 もしそれが海から上がってくるならば。
line_id 233	sent1 祖母は孫娘を投げつけて殺した。	sent2 彼女は嫉妬したのだ。
line_id 234	sent1 祖母は孫娘を投げつけて殺した。	sent2 彼女が泣止まなかったからだ。
line_id 235	sent1 ボブ・マーレイは保安官を撃った。	sent2 しかし彼はそれが自己防衛だったと断言した。
line_id 236	sent1 ボブ・マーレイは保安官を撃った。	sent2 しかし彼は死ななかった。
line_id 239	sent1 教師は学生を不合格にした。	sent2 彼らが試験で間違った答えをしたからだ。
line_id 240	sent1 教師は学生を不合格にした。	sent2 彼らが試験の採点を間違ったからだ。
line_id 254	sent1 感染は建物中に広まった。	sent2 それが換気されていたからだ。
line_id 255	sent1 博物館の学芸員は後援者を見た。	sent2 そして彼は出て行くべきだと言った。
line_id 258	sent1 教授はTAに言った。	sent2 彼は一日休みを取って良いと。
line_id 259	sent1 ジャックはビルに怒鳴った。	sent2 彼が車をぶつけたからだ。
line_id 261	sent1 ゴルファーは選手に手を振った。	sent2 彼らは待っていたからだ。
line_id 263	sent1 アレンはジミーを笑った。	sent2 彼が面白いジョークを言ったからだ。
line_id 264	sent1 アレンはジミーを笑った。	sent2 彼は彼をからかっていたからだ。
line_id 267	sent1 トッドはビルに言った。	sent2 彼は大統領選に出馬するべきだと。
line_id 271	sent1 その絵は美術館にあった。	sent2 それは展覧会を開催中だった。
line_id 272	sent1 その絵は美術館にあった。	sent2 それは展示されていた。
line_id 287	sent1 ガラスは床に当たった。	sent2 そしてそれは壊れた。
line_id 288	sent1 ガラスは床に当たった。	sent2 そしてそれを傷つけた。
line_id 289	sent1 牛は柵に打ち当たった。	sent2 そしてそれは壊れた。
line_id 290	sent1 牛は柵に打ち当たった。	sent2 そしてそれは怪我をした。
line_id 291	sent1 サリーはメアリーを蹴った。	sent2 そして彼女は怪我をした。
line_id 292	sent1 サリーはメアリーを蹴った。	sent2 そして彼女は謝った。
line_id 293	sent1 メアリーはスーに嘘をついた。	sent2 すると彼女は彼女を引っ叩いた。
line_id 295	sent1 デイビッドはビルを叩いた。	sent2 そして彼はそれを楽しんだ。
line_id 296	sent1 デイビッドはビルを叩いた。	sent2 すると彼は叫んだ。
line_id 304	sent1 ビルはボクシング・リングでジョンに勝利した。	sent2 彼が臆病な戦いをしたからだ。
line_id 306	sent1 支配人はインターンを首にした。	sent2 彼女は腹を立てたからだ。
line_id 309	sent1 警官は抗議者を撃った。	sent2 彼は冷静さを失ったのだ。
line_id 310	sent1 警官は抗議者を撃った。	sent2 彼が知事を襲おうとしていのだ。
line_id 312	sent1 ジェームズはいつもオーウェンに命令する。	sent2 彼が非常に威張りたがりだからだ。
line_id 315	sent1 教授はその学生を強く推薦する。	sent2 彼が非常に良い質問をするからだ。
line_id 316	sent1 教授はその学生を強く推薦する。	sent2 彼は探究心を評価するからだ。
line_id 317	sent1 音楽プレーヤーはファイルを開かなかった。	sent2 それは形式が間違っていたからだ。
line_id 318	sent1 音楽プレーヤーはファイルを開かなかった。	sent2 それはその形式では鳴らせなかったからだ。
line_id 327	sent1 ボールは窓ガラスを割った。	sent2 それが壊れやすかったからだ。
line_id 329	sent1 トーマスはピーターを追いかけた。	sent2 しかし彼は逃れた。
line_id 331	sent1 雇主はジョンに任務を与えた。	sent2 彼はそれをやりたくなかったのだが。
line_id 332	sent1 雇主はジョンに任務を与えた。	sent2 彼がそれをやりたかったのだが。
line_id 335	sent1 子供達はご近所さんたちに尋ねた。	sent2 彼らがハロウィーンにお菓子を貰えるかどうか。
line_id 336	sent1 子供達はご近所さんたちに尋ねた。	sent2 彼らがハロウィーンにお菓子を用意するかどうか。
line_id 340	sent1 サリーはケリーに人形をあげた。	sent2 彼女は人形を余分に持っていたからだ。
line_id 341	sent1 ジャックはティムを階段から突き落とした。	sent2 彼は頭にきていたからだ。
line_id 342	sent1 ジャックはティムを階段から突き落とした。	sent2 彼は地面まで滑り落ちた。
line_id 343	sent1 ジョンは科学者に尋ねた。	sent2 彼が何の研究をしているのかと。
line_id 344	sent1 ジョンは科学者に尋ねた。	sent2 彼が何の手助けができるかと。
line_id 345	sent1 騎士は馬より竜を好んだ。	sent2 彼らは飛べるからだ。
line_id 346	sent1 騎士は馬より竜を好んだ。	sent2 彼らは飛べないからだ。
line_id 347	sent1 芸術家はモデルに言った。	sent2 彼女はもっと真っすぐ立たなくてはならないと。
line_id 349	sent1 ミスティはメアリーと入れ替わった。	sent2 彼女は家に帰らなければならなかったからだ。
line_id 350	sent1 ミスティはメアリーと入れ替わった。	sent2 彼女しか出来るひとがいなかったからだ。
line_id 362	sent1 スペースマリーンはエイリアンを殺した。	sent2 彼らはそう命令されたからだ。
line_id 363	sent1 ロッキーはドラゴを負かした。	sent2 群衆が彼を支持していたからだ。
line_id 364	sent1 ロッキーはドラゴを負かした。	sent2 群衆が彼を支持していなかったからだ。
line_id 369	sent1 ビルはラリーを殴った。	sent2 彼は傷ついた。
line_id 371	sent1 コンピュータはプログラムを実行できなかった。	sent2 それはあまりにもたくさんのエラーがあったからだ。
line_id 375	sent1 ジョーはトムを起こそうとした。	sent2 しかし彼には出来なかった。
line_id 376	sent1 ジョーはトムを起こそうとした。	sent2 しかし彼は起きようとしなかった。
line_id 382	sent1 エマはボールをジェイニーにパスしなかった。	sent2 彼女はそうすべきだったのに。
line_id 386	sent1 少年は彼の友達にクッキーをあげた。	sent2 彼は余分に持っていたからだ。
line_id 395	sent1 アレンはレプラカーンを追いかけた。	sent2 彼が大金を持っていたからだ。
line_id 396	sent1 アレンはレプラカーンを追いかけた。	sent2 彼は大金が欲しかったからだ。
line_id 397	sent1 審判はその競技者を気に入っていた。	sent2 だから彼が金メダルを受けた。
line_id 399	sent1 マラカイのプログラムはコンピュータで起動しないだろう。	sent2 それにはバグが一杯あるから。
line_id 400	sent1 マラカイのプログラムはコンピュータで起動しないだろう。	sent2 それには故障したハードドライブがあるから。
line_id 402	sent1 経営者側は従業員に昇給させた。	sent2 彼らはストライキをすると脅したからだ。
line_id 403	sent1 ローマ軍団はペルシャ人を攻撃した。	sent2 彼らが脅威を感じたからだ。
line_id 412	sent1 カイルはレースでマークを打ち負かした。	sent2 彼があまりに速く飛び出したからだ。
line_id 416	sent1 マイケルはジェイコブにダンスを申し込んだ。	sent2 彼は彼を可哀そうだと思ったからだ。
line_id 417	sent1 政府は国民が月曜にチェスをするのを禁止したがっている。	sent2 彼らは仕事をしなくてはならないからだ。
line_id 421	sent1 政府はジャーナリストを北朝鮮から解放しようとした。	sent2 しかし彼らは成功しなかった。
line_id 423	sent1 エミリーはアンナに鍋をかき混ぜるよう頼んだ。	sent2 しかし彼女はそれをしなかった。
line_id 424	sent1 エミリーはアンナに鍋をかき混ぜるよう頼んだ。	sent2 彼女がそうするのを忘れたからだ。
line_id 449	sent1 猿はトカゲを食べた。	sent2 そしてそれは舌鼓をうった。
line_id 450	sent1 猿はトカゲを食べた。	sent2 するとそれは痛みに叫び声をあげた。
line_id 459	sent1 犬は骨をしゃぶった。	sent2 そしてそれは吠えた。
line_id 460	sent1 犬は骨をしゃぶった。	sent2 そしてそれは濡れた。
line_id 461	sent1 ライオンはガゼルに噛みついた。	sent2 それには角があったからだ。
line_id 462	sent1 ライオンはガゼルに噛みついた。	sent2 それには鋭い歯があったからだ。
line_id 463	sent1 ジョンはカールを叩いた。	sent2 そして彼はそれが嫌だった。
line_id 464	sent1 ジョンはカールを叩いた。	sent2 そして彼は叩き返した。
line_id 469	sent1 トビアスはウィリアムに腹を立てている。	sent2 彼が支払おうとしないからだ。
line_id 481	sent1 パットはジルに話しかけようとした。	sent2 しかし彼女は無視された。
line_id 482	sent1 パットはジルに話しかけようとした。	sent2 しかし彼女は聞いていないようだった。
line_id 483	sent1 金色は黒より人気がある。	sent2 それは光かがやくからだ。
line_id 484	sent1 金色は黒より人気がある。	sent2 それは輝かないからだ。
line_id 490	sent1 マイクはトムについて行こうとした。	sent2 しかし彼はなかなか見えなかった。
line_id 493	sent1 ジョージはビルに話しかけた。	sent2 彼はナーバスになっていたからだ。
line_id 494	sent1 ジョージはビルに話しかけた。	sent2 彼には経験があったからだ。
line_id 495	sent1 トムは彼の息子に運転を頼んだ。	sent2 彼が眠れるように。
line_id 496	sent1 トムは彼の息子に運転を頼んだ。	sent2 彼が経験を積めるように。
line_id 499	sent1 ブッシュはゴアに勝った。	sent2 彼が選挙結果を操作したからだ。
line_id 503	sent1 ボブはビンセントを殺した。	sent2 彼が薬を盗んでいたからだ。
line_id 504	sent1 ボブはビンセントを殺した。	sent2 彼は誰かを殺したかったからだ。
line_id 509	sent1 大学は学生に休暇を宣言した。	sent2 彼らは彼らのことを心配したのだ。
line_id 510	sent1 大学は学生に休暇を宣言した。	sent2 彼らがそれらを要求したからだ。
line_id 513	sent1 ヒトラーは戦争でアレックスに勝った。	sent2 みなが彼を支持したからだ。
line_id 514	sent1 ヒトラーは戦争でアレックスに勝った。	sent2 誰も彼を支持しなかったからだ。
line_id 517	sent1 クリントンはオバマに大統領選に出馬してもらいたかった。	sent2 彼は勝つだろうから。
line_id 518	sent1 クリントンはオバマに大統領選に出馬してもらいたかった。	sent2 彼では勝つことができなかったから。
line_id 525	sent1 ジェイコブはエイメンを欺いた。	sent2 そこでデイビッドが彼を助けた。
line_id 526	sent1 ジェイコブはエイメンを欺いた。	sent2 デイビッドが彼を首にしたからだ。
line_id 531	sent1 マイクはジャックが宿題をやるのを助けた。	sent2 彼がそうしたかったのだ。
line_id 532	sent1 マイクはジャックが宿題をやるのを助けた。	sent2 彼が丁寧に頼んだからだ。
line_id 533	sent1 父さんはサムを怒鳴りつけた。	sent2 彼が学校に行かなかったからだ。
line_id 536	sent1 ジャニスはケンダに車を買ってやった。	sent2 彼女には使ってよいお金があったからだ。
line_id 537	sent1 ネズミは猫から逃げてずっと台所まで走った。	sent2 それは怯えていたからだ。
line_id 538	sent1 ネズミは猫から逃げてずっと台所まで走った。	sent2 それが追いかけてきたからだ。
line_id 539	sent1 ジョンはビルを選んだ。	sent2 彼は人材を必要としていたからだ。
line_id 540	sent1 ジョンはビルを選んだ。	sent2 彼には才能があったからだ。
line_id 548	sent1 ジョンはビルから盗んだ。	sent2 彼は騙されやすかったのだ。
line_id 549	sent1 ジョンはビルに大金を渡した。	sent2 彼は余分に持っていたからだ。
line_id 553	sent1 ジョンはビルを思い出した。	sent2 彼は籐椅子のことを考えていたからだ。
line_id 555	sent1 カップルは火曜日に車を店に持って行った。	sent2 しかし彼らは翌週まで代金請求をしない。
line_id 556	sent1 カップルは火曜日に車を店に持って行った。	sent2 しかし彼らは翌週まで払わなくて良い。
line_id 559	sent1 審判はビックをラニングバックのように扱うとわたしは思う。	sent2 彼には独特のプレイスタイルがあるから。
line_id 560	sent1 審判はビックをラニングバックのように扱うとわたし思う。	sent2 彼はゲームを理解していないから。
line_id 563	sent1 誘拐犯はトレント・レズナーを返さないだろう。	sent2 彼が私的な公演をやってもらうまでは。
line_id 564	sent1 誘拐犯はトレント・レズナーを返さないだろう。	sent2 彼が私的な公演をやると同意するまでは。
line_id 579	sent1 トムはジェームズにコートをあげた。	sent2 彼が寒がったからだ。
line_id 583	sent1 船乗りたちはボートから転落した。	sent2 それらは転覆しつつあったのだ。
line_id 585	sent1 子供たちはゲームをした。	sent2 　彼らは退屈していたからだ。
line_id 586	sent1 子供たちはゲームをした。	sent2 それらは面白かったからだ。
line_id 587	sent1 ジョンはデイブを首にした。	sent2 彼は欠勤が多すぎた。
line_id 588	sent1 ジョンはデイブを首にした。	sent2 彼はあまりに多くの従業員を抱えていた。
line_id 589	sent1 警察は暴徒を逮捕した。	sent2 彼らは混乱を避けようとしていたからだ。
line_id 590	sent1 警察は暴徒を逮捕した。	sent2 彼らは問題を起こしていたからだ。
line_id 591	sent1 学生は本を読んだ。	sent2 彼らは勉強していたのだ。
line_id 592	sent1 学生は本を読んだ。	sent2 それらは面白かったからだ。
line_id 594	sent1 木こりは木を切る。	sent2 彼らを売ることができるように。
line_id 595	sent1 百人隊長はドクター・フーに自分の耳を貸した。	sent2 彼は忠誠を誓っていたからだ。
line_id 596	sent1 百人隊長はドクター・フーに自分の耳を貸した。	sent2 彼は百人隊長の命を救ったからだ。
line_id 603	sent1 製品見本市でオフィス３６５が紹介された。	sent2 それはには多くの参加者があった。
line_id 605	sent1 スティーブン・キングはスピルバーグに電話した。	sent2 彼は金を借りようとしたのだ。
line_id 609	sent1 スティーブ・ボールマーはビル・ゲイツから、マイクロソフトのCEO職を引き継いだ。	sent2 彼が引退したからだ。
line_id 613	sent1 少年は彼の友達に鉛筆を貸した。	sent2 教師が彼に使わせるよう言ったからだ。
line_id 614	sent1 少年は彼の友達に鉛筆を貸した。	sent2 教師が彼に書くよう言ったからだ。
line_id 617	sent1 少年は彼の友達を笑った。	sent2 彼は冗談を聞いたからだ。
line_id 618	sent1 少年は彼の友達を笑った。	sent2 彼が冗談を言ったからだ。
line_id 621	sent1 大石は川に落ちた。	sent2 しかしそれは転がり続けた。
line_id 622	sent1 大石は川に落ちた。	sent2 しかしそれは流れ続けた。
line_id 625	sent1 ジェリカは警備員を見た。	sent2 彼女が忍び足で通り過ぎたときだ。
line_id 626	sent1 ジェリカは警備員を見た。	sent2 彼女が堂々と通り過ぎたときだ。
line_id 628	sent1 ホームチームはジャイアンツに負けた。	sent2 彼らはパスを通すことができなかったからだ。
line_id 629	sent1 私の両親は隣人にシックス・フラッグズのチケットをあげた。	sent2 彼らがそれらを必要としていたからだ。
line_id 630	sent1 私の両親は隣人にシックス・フラッグズのチケットをあげた。	sent2 彼らは余分に持っていたからだ。
line_id 631	sent1 警察は応援を求めるために本部に電話した。	sent2 すると彼らは拒絶した。
line_id 632	sent1 警察は応援を求めるために本部に電話した。	sent2 そして彼らは引き続き犯人と闘った。
line_id 634	sent1 顧問は大統領に言った。	sent2 彼は辞任すると。
line_id 635	sent1 象は魚を踏みつけた。	sent2 そしてそれは死んだ。
line_id 636	sent1 象は魚を踏みつけた。	sent2 そしてそれはそのまま歩き続けた。
line_id 637	sent1 子供たちは近所の人たちに卵を投げつけた。	sent2 彼らがお菓子を持っていなかったからだ。
line_id 644	sent1 カウンセラーは学生にアドバイスした。	sent2 彼は彼を助ける義務を感じたからだ。
line_id 653	sent1 パイロットたちは通行人を救出した。	sent2 彼らには市民としての義務があるからだ。
line_id 654	sent1 パイロットたちは通行人を救出した。	sent2 彼らが彼らにそうしてほしいと懇願したからだ。
line_id 655	sent1 カートはジョンに歌った。	sent2 彼はリード・ボーカルに成りたかったのだ。
line_id 657	sent1 ステイシーはばか騒ぎのことで母親に嘘をついた。	sent2 しかし彼女は気づいた。
line_id 660	sent1 ジャネット・ジャクソンはラトヤ・ジャクソンより人気がある。	sent2 彼女には同じ程度の数のファンをがいないのだ。
line_id 671	sent1 セールスマンはお客に温水浴槽を売った。	sent2 彼は何か浸かれるような物を探していたからだ。
line_id 672	sent1 セールスマンはお客に温水浴槽を売った。	sent2 彼は自分の商品を売ろうとしていたからだ。
line_id 675	sent1 米国陸軍はタリバンと闘った。	sent2 彼らはテロリズムを阻もうとしているのだ。
line_id 681	sent1 フィラデルフィア・イーグルズはセントルイス・ラムズに負けた。	sent2 しかしそれは彼らにホームグラウンドの利点があったからだ。
line_id 689	sent1 フライズエレクトロニクスはコンプUSAより成功している。	sent2 彼らは製品にずっと安い価格を設定するからだ。
line_id 695	sent1 ジョーは「値段はぴったり」でロブより多く金を稼いだ。	sent2 彼はより多くの字を当てることができたからだ。
line_id 704	sent1 南北戦争では北軍が南軍を下した。	sent2 彼らは戦争を続けるための資金がなかったからだ。
line_id 705	sent1 ウィル・スミスは彼の息子を映画に出した。	sent2 彼は映画界に強い影響力を持っているからだ。
line_id 711	sent1 ニコールはサミーに腹を立てていた。	sent2 彼女が嘘をついたからだ。
line_id 715	sent1 枢軸国軍は連合国軍に負けた。	sent2 彼らはあまりに多くの前線で戦ったからだ。
line_id 716	sent1 枢軸国軍は連合国軍に負けた。	sent2 彼らは相手の弱点をついたからだ。
line_id 719	sent1 グラディエーターはスレイブスより視聴者が多い。	sent2 彼らは競技場で死ぬまで闘うからだ。
line_id 720	sent1 グラディエーターはスレイブスより視聴者が多い。	sent2 彼らは栄光の死ではなく隷属の人生を送っているからだ。
line_id 721	sent1 アップルはサムスンを訴えた。	sent2 彼らは自分たちの知的財産が侵害されていると感じたからだ。
line_id 722	sent1 アップルはサムスンを訴えた。	sent2 彼らが自分たちの製品と類似したものを作ったからだ。
line_id 723	sent1 バトルフィールド３はモダン・ウォーフェアより注目を集めている。	sent2 それらには全く新しいレベルのグラフィクスが使われているからだ。
line_id 724	sent1 バトルフィールド３はモダン・ウォーフェアより注目を集めている。	sent2 それらには時代遅れのグラフィクスが入っているからだ。
line_id 730	sent1 ケイト・ミドルトンは新世代のダイアナ皇太子妃と見なされている。	sent2 彼女もまた流行の象徴とみなされているからだ。
line_id 739	sent1 サメはいつも魚を食べている。	sent2 彼らは食物連鎖の上位にいるからだ。
line_id 743	sent1 ナルトはコードギアスより２００話程度多い。	sent2 それらは長くて面白いストーリー展開があるからだ。
line_id 751	sent1 ドクター・チェンはイーゴーに眼鏡を処方した。	sent2 彼は見るために眼鏡が必要だったからだ。
line_id 752	sent1 ドクター・チェンはイーゴーに眼鏡を処方した。	sent2 彼は眼の検査を実施したからだ。
line_id 757	sent1 お化け屋敷の怪物たちは子供たちを追いかけた。	sent2 彼らは怖がらせようとしていたからだ。
line_id 758	sent1 お化け屋敷の怪物たちは子供たちを追いかけた。	sent2 彼らは娯楽として怖がらせてもらいたかったからだ。
line_id 769	sent1 警察はニューヨークで７００名の抗議者を逮捕した。	sent2 彼らはマンハッタンブリッジで交通を妨害しようとしたからだ。
line_id 770	sent1 警察はニューヨークで７００名の抗議者を逮捕した。	sent2 彼らは彼らがマンハッタンブリッジの交通を妨害するのを防がなければならなかったのだ。
line_id 782	sent1 ジャッキー・チェンはブルース・リーを見ていくつか学んだ。	sent2 彼は彼の昔からの演技を見ることができたからだ。
line_id 783	sent1 ボーイスカウトはガールスカウトより多く慈善事業の寄付金を集めることができた。	sent2 彼らは非常に積極的な資金集めのスケジュールを組んだからだ。
line_id 784	sent1 ボーイスカウトはガールスカウトより多く慈善事業の寄付金を集めることができた。	sent2 彼らはそれほど積極的な資金集めができなかったからだ。
line_id 785	sent1 警察は犯人を逮捕した。	sent2 彼らは法を犯したからだ。
line_id 786	sent1 警察は犯人を逮捕した。	sent2 彼らは法を執行するからだ。
line_id 792	sent1 人々はバリケードを築いてゾンビから身を守った。	sent2 彼らは空腹を満たしたかったのだ。
line_id 794	sent1 エイドリアン・ピーターソンはレジー・ブッシュよりタッチダウンの数が多い。	sent2 彼はボールを前に運ぶのがあまり上手くないからだ。
line_id 799	sent1 アップルの顧客サポートは常にマイクロソフトのサポートより高く評価される。	sent2 彼らはより会費の割にずっと良いプランを提供するからだ。
line_id 800	sent1 アップルの顧客サポートは常にマイクロソフトのサポートより高く評価されり。	sent2 彼らはなかなか競争力のあるサポートプランを提供しない。
line_id 805	sent1 ペンキ屋が来る前に大工が来た。	sent2 彼らはまずはじめに家具を作らなければならないからだ。
line_id 806	sent1 ペンキ屋が来る前に大工が来た。	sent2 彼らは家具が出来上がった後でペンキを塗る必要があるからだ。
line_id 807	sent1 ブリザード・エンターテインメントは彼らのゲームをスティームでは販売しない。	sent2 彼らは自分たちの利益を守りたいからだ。
line_id 808	sent1 ブリザード・エンターテインメントは彼らのゲームをスティームでは販売しない。	sent2 彼らは一つ売れるごとに利益の一部を要求するからだ。
line_id 809	sent1 アレックス・ロドリゲスはブランドン・ヒューズよりずっとたくさん金を貰っている。	sent2 彼は著しく貰いすぎているのだ。
line_id 811	sent1 Xファクターは視聴率競争でアメリカン・アイドルを追い越しかけている。	sent2 彼らには審査員として人気の高いサイモン・カウウェルがいるからだ。
line_id 815	sent1 合衆国はイランに制裁措置を取った。	sent2 最近彼らは彼らの駐米大使暗殺計画を掴んだからだ。
line_id 816	sent1 合衆国はイランに制裁措置を取った。	sent2 最近彼らは暗殺計画が発覚したからだ。
line_id 823	sent1 アマゾンは最近、バトルフィールド３の先行予約でゲームストップを出し抜いた。	sent2 彼らは価格を競争相手より３０％引き下げたからだ。
line_id 826	sent1 Xボックス３６０は任天堂のWiiを３００パーセント上回る販売数を上げた。	sent2 それらは人気を失いつつあるからだ。
line_id 827	sent1 ナンシーは女の赤ちゃんを養子にした。	sent2 彼女はずっと娘が欲しかったからだ。
line_id 828	sent1 ナンシーは女の赤ちゃんを養子にした。	sent2 彼女は養子に選ばれたからだ。
line_id 830	sent1 日本人はアメリカ人よりずっと多くの海産物を食べる。	sent2 彼らは大洋の近くに住まない人を多くかかえているからだ。
line_id 833	sent1 マイスペースは数百万の利用者をフェースブックに奪われた。	sent2 しかし彼らにはまだわずかに支持者がいる。
line_id 841	sent1 オークスよりもスペースマリーンズで遊ぶ人が多い。	sent2 だからトーナメントではいつもそれらをプレイする人が一番多い。
line_id 849	sent1 スプリントは今ベライゾンのようにアイフォンを売っている。	sent2 彼らはアイフォン好きの顧客も惹きつけたいと思っているからだ。
line_id 853	sent1 インテルはインテルスペックを訴えた。	sent2 彼らは商標名を守ろうとしているのだ。
line_id 854	sent1 インテルはインテルスペックを訴えた。	sent2 彼らはたまたま会社名に商標ブランドを含んでいたからだ。
line_id 855	sent1 バーテンダー等はジャージー・ショアの俳優たちに氷を投げつけた。	sent2 彼らは彼らがクラブに来るのが嫌だったのだ。
line_id 856	sent1 バーテンダー等はジャージー・ショアの俳優たちに氷を投げつけた。	sent2 彼らはクラブで歓迎されなかったのだ。
line_id 861	sent1 ケネディ巡査はロジャーを犯罪者から救った。	sent2 彼は平和を守るからだ。
line_id 862	sent1 ケネディ巡査はロジャーを犯罪者から救った。	sent2 しかし彼は助けられてありがたいと思わなかった。
line_id 863	sent1 役員会は会社から経営者を解雇した。	sent2 彼らは彼らが良い仕事をしているとは思わなかったのだ。
line_id 865	sent1 シックスフラッグスの従業員はお客が乗り物に近づけないようにした。	sent2 彼らはその乗り物が安全ではないと見なしたからだ。
line_id 866	sent1 シックスフラッグスの従業員はお客が乗り物に近づけないようにした。	sent2 それでも彼らは他の乗り物に行くことができる。
line_id 867	sent1 記者のクリス・ジョンソンはメイソン伍長をインタビューした。	sent2 彼はマスコミ用のニュースネタを取る必要があったからだ。
line_id 868	sent1 記者のクリス・ジョンソンはメイソン伍長をインタビューした。	sent2 彼は前線における戦闘情報を提供できるからだ。
line_id 881	sent1 クラーク・ケントはレックス・ルーサーに正体を隠している。	sent2 彼は愛する者たちの安全を守りたいからだ。
line_id 900	sent1 保存協会はなんとか希少種の鳥を救った。	sent2 彼らは動物を救うための資金と資源を持っているからだ。
line_id 905	sent1 バターズはケニーからスパイダーマンの映画を盗みたかった。	sent2 彼がそれを貸してくれようとしなかったからだ。
line_id 908	sent1 スキーのインストラクターは子供たちにスキーの基礎を教えた。	sent2 　彼らが学ぼうとしていたからだ。
line_id 909	sent1 スキーのインストラクターは子供たちにスキーの基礎を教えた。	sent2 　彼らは人に伝えたり教えたりするための経験が豊富だからだ。
line_id 913	sent1 サムソナイトはラゲッジ・レーティングで高く評価される旅行カバンを製造する。	sent2 彼らは自分たちが評価したその製品の品質が非常に良いと感じたからだ。
line_id 916	sent1 NSAは機密情報を収集するためにその分野の調査員を派遣した。	sent2 しかし彼らは情報を収集することができなかった。
line_id 917	sent1 NSAは機密情報を収集するためにその分野の調査員を派遣した。	sent2 彼らはその分野の人々に実地調査をやってもらう必要があったからだ。
line_id 918	sent1 マーベリクスは今シーズン、多くの商品をファンに売ることができた。	sent2 彼らは昨年のNBAチャンピオンシップに勝利してアイドルになったからだ。
line_id 919	sent1 マーベリクスは今シーズン、多くの商品をファンに売ることができた。	sent2 彼らは彼らが今最も人気のあるチームなのでただそれが欲しいのだ。
line_id 932	sent1 ハリソンは彼のパートナーのブライアンが法律違反で訴えられた件を調べた。	sent2 彼はこれらの申立てによって彼のビジネスに影響があるか知る必要があったからだ。
line_id 935	sent1 UPSは持込みサービスで顧客に大きな利便性を提供する。	sent2 したがって彼らはさらに頻繁に荷物を持ち込むよう促される。
line_id 936	sent1 ライフガードは泳いでいる人たちを公共プールから立ち退かせた。	sent2 彼らはプールを掃除する必要があったからだ。
line_id 937	sent1 ライフガードは泳いでいる人たちを公共プールから立ち退かせた。	sent2 彼らは水の中の人糞のために病気になる危険性があったからだ。
line_id 940	sent1 テキサス・レンジャーズはワールドシリーズでカーディナルズに負けた。	sent2 彼らは当該シリーズの最も重要な２ゲームを取られたからだ。
line_id 942	sent1 アンチャーテッド３は彼らの前作ゲームのアンチャーテッド２以降新しいアイデアを導入しなかった。	sent2 それでそれはゲーム批評家から程々に評価されるはめになった。
line_id 943	sent1 アンチャーテッド３は彼らの前回のゲームのアンチャーテッド２以降新しいアイデアを導入しなかった。	sent2 しかしそれでもそれは楽しいゲームになりそうだ。
line_id 946	sent1 ハーマン・ケインが得票数を上げたのでリック・ペリーは心配した。	sent2 彼がより広く聴衆に訴えていたからだ。
line_id 947	sent1 ハーマン・ケインが得票数を上げていたのでリック・ペリーは心配した。	sent2 しかし彼はこの人気上昇が続くとは考えなかった。
line_id 956	sent1 LAギャラクシーは常に欠員を補充するために有名なプレーヤーを探している。	sent2 彼らはチームの人気を煽るために注目を浴びるプレーヤーを獲得しようとしているのだ。
line_id 957	sent1 LAギャラクシーは常に欠員を補充するために有名なプレーヤーを探している。	sent2 しかし彼らは常にく多くのチームから移籍のオファーを受ける。
line_id 960	sent1 ピーターは思いがけず宝くじに当選して、リックにお金を貸した。	sent2 彼は自由に友達に貸せる十分なお金を持っているからだ。
line_id 961	sent1 ピーターは思いがけず宝くじに当選して、リックにお金を貸した。	sent2 しかし彼は金を返すだろう。
line_id 966	sent1 アップルはシリ・プログラムがこれまでのアイフォンには使えないと述べた。	sent2 それらはそのようなプログラムを実行する機能がないからだ。
line_id 967	sent1 アップルはシリ・プログラムがこれまでのアイフォンには使えないと述べた。	sent2 しかしハッカー等が成功して、彼らが間違っていたことが証明された。
line_id 968	sent1 ゴードン署長はしょっちゅうバットマンを呼ぶ。	sent2 彼は自分で犯人どもを止められないからだ。
line_id 973	sent1 サタデー・ナイト・ライブは注目人物としてよく政治家を招く。	sent2 彼らは視聴者を楽しませ続けたいと考えているからだ。
line_id 976	sent1 十字軍は　多くの野蛮な敵と戦った。	sent2 彼らは自分たちの戦いが神から授かった権利と考えていたからだ。
line_id 982	sent1 オオカミは森で旅人を襲った。	sent2 彼らは巣の近くには歓迎されなかったからだ。
line_id 983	sent1 オオカミは森で旅人を襲った。	sent2 しかし彼らはなんとか無傷で逃げた。
line_id 984	sent1 バイモアブックストアは顧客に新品の本を送る。	sent2 しかし彼らは時々しかたなく中古本を送らざるを得ないことがある。
line_id 985	sent1 バイモアブックストアは顧客に新品の本を送る。	sent2 彼らは読む本の品質を求めるからだ。
line_id 988	sent1 エバートはヒース・レッジャーを史上最大の道化師と考えていた。	sent2 なぜなら彼が表現する登場人物は聴衆をぞっとさせたからだ。
line_id 989	sent1 エバートはヒース・レッジャーを史上最大の道化師と考えていた。	sent2 しかし彼はすべての評論家をさしおいてそう決定することはできない。
line_id 990	sent1 商人スミスは騎士ルイスから戦利品を買った。	sent2 しかし彼はそれに対してあまり多く支払わなかった。
line_id 992	sent1 エンターテインマートは価格で消費者を抱き込まなければならない。	sent2 さもなければ彼らは倒産することになりそうだ。
line_id 998	sent1 マイクロソフトはアップルが出たタブレットが成功したため、クーリエ—タブレットの計画を中断した。	sent2 彼らはその製品が売れないと感じるのだ。
line_id 999	sent1 マイクロソフトはアップルが出たタブレットが成功したので、クーリエ—タブレットの計画を中断した。	sent2 つまり彼らはタブレット市場におけるもう一方の競争相手を排除したわけだ。
line_id 1002	sent1 父は息子にいつか騎士になれると説得した。	sent2 しかし彼は農民の出なのでそのような地位を獲得することは決してできないかもしれない。
line_id 1003	sent1 父は息子にいつか騎士になれると説得した。	sent2 彼は彼の夢を打ち砕きたくなかったからだ。
line_id 1007	sent1 ロドリック卿はジャックに特製の鎧を誂えさせた。	sent2 しかし彼はそのような一品に対して大金を請求した。
line_id 1010	sent1 シボレーは最近彼らの車をリコールした。	sent2 彼らは自社製品のブレーキに関する苦情を受けたからだ。
line_id 1011	sent1 シボレーは最近彼らの車をリコールした。	sent2 だから彼らは車のブレーキの修理を受けることができた。
line_id 1013	sent1 ポジティブSSLはワイルドカード証明書をウェッブホスティング会社に販売する。	sent2 しかし彼らにはどこから証明書の購入先について複数の選択肢がある。
line_id 1016	sent1 マイクロソフト・アズールは顧客にクラウドサーバを提供する。	sent2 彼らはクラウドコンピューティングに関して将来を見据えたインフラを提供しているからだ。
line_id 1023	sent1 軍隊の兵士は遺伝子工学的に作られた兵士によって徐々に減らされていた。	sent2 彼らはただ優れた戦闘のためだけに製造されたからだ。
line_id 1026	sent1 将校たちは新人兵を送る惑星を選んだ。	sent2 彼らが過酷な環境における訓練を受けられるようにだ。
line_id 1027	sent1 将校たちは新人兵を送る惑星を選んだ。	sent2 彼らは彼らが過酷な環境で訓練されることを望んだからだ。
line_id 1031	sent1 マイクはテレビでシェフ・マイケルズを見ていて指を切った。	sent2 しかし彼はテレビに出演する彼を見る仲間のシェフの気晴らしになっている。
line_id 1034	sent1 民間人は強盗を避けて野営地から逃げなくてはならなかった。	sent2 彼らは殺されるのではないかと恐れたのだ。
line_id 1035	sent1 民間人は強盗を避けて野営地から逃げなくてはならなかった。	sent2 彼らは目にした者全てを脅かし、襲っていたからだ。
line_id 1038	sent1 宇宙船は入植者を新しい惑星に運んだ。	sent2 彼らは新しい植民地を打ち立てようとしているのだ。
line_id 1039	sent1 宇宙船は入植者を新しい惑星に運んだ。	sent2 しかし彼らは更に数回の波となって押し寄せる人々を運ばなくてはならない。
line_id 1044	sent1 武術スターは大衆から偽物と非難されることがよくある。	sent2 彼らは彼らが作り物の脚本でしか戦えないと思っているからだ。
line_id 1045	sent1 武術スターは大衆から偽物と非難されることがよくある。	sent2 彼らは作り物の脚本でしか戦えないからだ。
line_id 1049	sent1 世界を救うため、リウ・カンはシャン・ハイと死闘をしなければならない。	sent2 しかしもし彼が負けたら、彼が知る世界は崩壊する。
line_id 1050	sent1 ゴロー王子はカノに皇帝の偉大さについて講義した。	sent2 彼は彼が実際どれほどの権力を持っているか気づいていなかったからだ。
line_id 1051	sent1 ゴロー王子はカノに皇帝の偉大さについて講義した。	sent2 彼は彼の権力について理解させたかったから。
line_id 1064	sent1 取立代行会社はしばしば滞納者を追及する。	sent2 しかし彼らはミスを犯すことがある。
line_id 1065	sent1 取立代行会社はしばしば滞納者を追及する。	sent2 彼らは誰かが数か月間支払わない場合借金を取り立てようとする。
line_id 1071	sent1 ジェシカはセルマが髪を短く切るのが嫌だった。	sent2 だから彼女は髪を切るときに長さについて控えめであろうとした。
line_id 1082	sent1 HPは新しいLEDモニターを激安価格で顧客に販売した。	sent2 そして彼らはコンピュータセクターにおけるさらに強い足掛りを築いた。
line_id 1083	sent1 HPは新しいLEDモニターを激安価格で顧客に販売した。	sent2 そして彼らはやがて大量のモニターを買うはめになった。
line_id 1086	sent1 ベオウルフはヘンリー王から光を放つ魔法の品を与えられた。	sent2 彼が暗い洞穴の中でも見ることができるようにだ。
line_id 1087	sent1 ベオウルフはヘンリー王から光を放つ魔法の品を与えられた。	sent2 彼は彼に暗がりでも効率的に見つけてもらいたかったからだ。
line_id 1098	sent1 マリオットは頻繁に旅行する顧客に無料宿泊ポイントを与える。	sent2 そうすることで彼らは顧客がどこに宿泊したいかの決定に影響を与えることができるようにだ。
line_id 1100	sent1 もし人々が過去に事故を起こしていたら、保険会社は割増保険料を請求する。	sent2 彼らはその人のためにより多く払い出す可能性が高いからだ。
line_id 1101	sent1 もし人々が過去に事故を起こしていたら、保険会社は割増保険料を請求する。	sent2 だから彼らは割増金を避けるために無事故の経歴を維持しようとする。
line_id 1102	sent1 NBAは選手たちが最近の和解を拒絶したのでおそらくロックアウトが起きるだろう。	sent2 なぜなら彼らはもっと良い条件をが提示されることを望んでいるからだ。
line_id 1105	sent1 訓練担当軍曹たちは軍隊を積極的に訓練した。	sent2 彼らは戦争で生き残るよう訓練される必要があったからだ。
line_id 1112	sent1 ニューヨーク市は市を救うために米国軍が払った犠牲に感謝した。	sent2 彼らは壊滅的な攻撃をなんとかかわしたからだ。
line_id 1114	sent1 カートマンはケニーに自分と同じ学校に行ってほしかった。	sent2 彼は彼との親交を楽しんでいたからだ。
line_id 1116	sent1 オートボットは力の限りを尽くしてディセプティコンと戦う。	sent2 彼らは惑星の安全を保ちたいのだ。
line_id 1117	sent1 オートボットは力の限りを尽くしてディセプティコンと戦う。	sent2 しかし彼も同様の力で応戦する。
line_id 1126	sent1 アップルは最近第一世代のアイポッドをリコールしなくてはならなかった。	sent2 それらはバッテリーについて欠陥があったからだ。
line_id 1127	sent1 アップルは最近第一世代のアイポッドをリコールしなくてはならなかった。	sent2 しかし彼らはそれが最初に発売されてから6年後にそれを行った。
line_id 1132	sent1 スカイプはフェイスブックと協力関係を結んだ。	sent2 そして彼らはこれが彼らのビデオ電話の促進に役立つことを期待している。
line_id 1133	sent1 スカイプはフェイスブックと協力関係を結んだ。	sent2 そして彼らは彼らのソーシャルネットワークにさらに多くのメンバーが参加することを期待している。
line_id 1136	sent1 米国の作家らはアマゾンの貸本プログラムに反対して戦っている。	sent2 彼らはそれが彼らの版権を侵害すると感じているのだ。
line_id 1137	sent1 米国の作家らはアマゾンの貸本プログラムに反対して戦っている。	sent2 彼らはユーザーが毎月一冊を無料で使えるようにするからだ。
line_id 1138	sent1 11月、遂にクロームはファイヤーフォックスを引き離し始めた。	sent2 彼らはインターネットユーザーの評価が高まったのだ。
line_id 1139	sent1 11月、遂にクロームはファイヤーフォックスを引き離し始めた。	sent2 それで彼らはユーザーが乗り換えるのを防ごうと頑張っている。
line_id 1140	sent1 アメリカ海兵隊のダンスに彼らの恋人を同行することに同意したセレブリティは約束を守った。	sent2 彼らはそれが部隊に感謝の意を表す最小限のことことだと感じたからだ。
line_id 1141	sent1 アメリカ海兵隊のダンスに彼らの恋人を同行することに同意したセレブリティは約束を守った。	sent2 そして彼らは彼らが時間を割いて来てくれたことに非常に感謝した。
line_id 1143	sent1 米国保険検査委員会は数か所の食品工場を閉鎖した。	sent2 しかし彼らは多くの規則と法令が破られていたことを発見した。
line_id 1147	sent1 タイガー・ウッズはキャディのランディを解雇した。	sent2 しかし彼は彼の決定に同意しない。
line_id 1148	sent1 ダラス・カウボーイズはレッドスキンズにリードを譲った。	sent2 彼らはゲームの後半にパーフォーマンスが落ち始めたからだ。
line_id 1149	sent1 ダラス・カウボーイズはレッドスキンズにリードを譲った。	sent2 彼らはゲームの後半にパーフォーマンスを上げ始めたからだ。
line_id 1150	sent1 ディズニーワールドのディズニーキャラクターは観客を楽しませる。	sent2 彼らは人々を幸せにするためにそこにいるからだ。
line_id 1151	sent1 ディズニーワールドのディズニーキャラクターは観客を楽しませる。	sent2 彼らは楽しい経験を得るために相当額をはらっているのだから。
line_id 1163	sent1 動物園の飼育係は日々のスケジュールに沿ってチンパンジーに餌を与えるよう気を付けている。	sent2 彼らは動物保護法でそうすることが求められているからだ。
line_id 1168	sent1 警備隊は猿の大群を止めることはできなかった。	sent2 彼らは単純に数で勝っていたからだ。
line_id 1169	sent1 警備隊は猿の大群を止めることはできなかった。	sent2 彼らはそれほど多くを止めるための人員がいなかったのだ。
line_id 1170	sent1 警察は犯人が逃げられないよう橋を閉鎖しようとした。	sent2 しかし成功するために彼らは追加の応援を必要とした。
line_id 1171	sent1 警察は犯人が逃げられないよう橋を閉鎖しようとした。	sent2 彼らが自由になるためにはこのルートを取る必要があったからだ。
line_id 1172	sent1 マスター・シフはジャックに知恵を授ける。	sent2 彼には教えるべきことがたくさんあるからだ。
line_id 1173	sent1 マスター・シフはジャックに知恵を授ける。	sent2 だから彼は彼が何を言おうとしているか、懸命に耳を傾けた。
line_id 1174	sent1 中華帝国はウー・シュー一家を帝国から追放した。	sent2 彼らは許されない残虐行為を犯したからだ。
line_id 1175	sent1 中華帝国はウー・シュー一家を帝国から追放した。	sent2 彼らは紛争を避けようとしたのだ。
line_id 1176	sent1 いろんな店をモニターする掘り出し物サイトは感謝祭の週末は活況を呈するだろう。	sent2 それらはこのショッピングウェークエンドに大幅な値下げをするからだ。
line_id 1177	sent1 いろんな店を監視する掘り出し物サイトは感謝祭の週末は活発に活況を呈するだろう。	sent2 しかしそれらは必ず手に入れられることを保証しない。
line_id 1178	sent1 マグニフィセント・ファイブはシェン・ユーの部隊と雌雄を決するだろう。	sent2 彼らは彼の恐怖による掌握を終わらせなければならないからだ。
line_id 1179	sent1 マグニフィセント・ファイブはシェン・ユーの部隊と雌雄を決するだろう。	sent2 しかし彼らは逃亡しようとするかもしれない。
line_id 1180	sent1 ハーマン・ケインは投票で転落し、一方でミット・ロムニーは地盤をさらに固めた。	sent2 彼は潜在的有権者の間で更に人気を集めたからだ。
line_id 1204	sent1 銃の指導員は学生が火器を扱う際の安全を保つために最良のヒントと訓練を提供する。	sent2 彼らはこれまでの人生で長年にわたる銃取扱いの経験があるからだ。
line_id 1205	sent1 銃の指導員は学生が火器を扱う際の安全を保つために最良のヒントと訓練を提供する。	sent2 しかし彼らは安全のために、これらの講義に耳を傾ける必要がある。
line_id 1212	sent1 ジョンはわたしのパジャマを着た象のジャックを撃った。	sent2 しかし彼はなぜ彼がそこにいたのか分からなかった。
line_id 1213	sent1 ジョンはわたしのパジャマを着た象のジャックを撃った。	sent2 しかし彼がなぜそこにいたのかは今でも謎だ。
line_id 1214	sent1 農夫は得意げにお気に入りの鶏を披露した。	sent2 彼は金の卵を産んだのだ。
line_id 1215	sent1 農夫は得意げにお気に入りの鶏を披露した。	sent2 彼は賞金を受けたからだ。
line_id 1217	sent1 ジョンはウェイターの言うことが分からなかった。	sent2 彼がスペイン語で話したからだ。
line_id 1218	sent1 わたしたちは幼児におもちゃをあげた。	sent2 彼らは遊びたがったからだ。
line_id 1224	sent1 警察官はついに犯人を捕まえた。	sent2 彼は唐辛子スプレーと手錠を使ったからだ。
line_id 1225	sent1 警察官はついに犯人を捕まえた。	sent2 彼は自ら出頭したのだ。
line_id 1226	sent1 クリスはジョンを追いかけていた。	sent2 彼は彼の時計を盗んだからだ。
line_id 1235	sent1 アマゾンはオールディファンがクイーンやレッド・ツェッペリイン、フランク・シナトラ、ビートルズ、デイヴ・マシューズなどを好むと予想した。	sent2 しかし彼らはまったく間違っていた。
line_id 1238	sent1 学生Aは学生Bを打ち負かした。	sent2 　彼は勉強したからだ。
line_id 1239	sent1 学生Aは学生Bを打ち負かした。	sent2 　彼は怠けたからだ。
line_id 1240	sent1 メアリーはジムにあの狂人を刺激しないでと頼んだ。	sent2 彼は彼を攻撃するかもしれないからだ。
line_id 1241	sent1 メアリーはジムにあの狂人を刺激しないでと頼んだ。	sent2 彼が攻撃されるかもしれないからだ。
line_id 1248	sent1 警察官はジョン・エドワーズが罪を犯すところを目撃した。	sent2 そして彼は逮捕された。
line_id 1249	sent1 警察官はジョン・エドワーズが罪を犯すところを目撃した。	sent2 そして彼は犯人を逮捕した。
line_id 1250	sent1 ハンマーは弾を打った。	sent2 そしてそれは発射した。
line_id 1251	sent1 ハンマーは弾を打った。	sent2 そしてそれは止まった。
line_id 1254	sent1 ケニーはベンを叩いた。	sent2 そうすると彼は叩き返した。
line_id 1255	sent1 ケニーはベンを叩いた。	sent2 そうすると彼は防御した。
line_id 1261	sent1 MITは学生たちを受け入れた。	sent2 彼らは彼らを最優秀と判断したからだ。
line_id 1269	sent1 チャールズ・ディッキンソンはアンドリュー・ジャクソンを撃った。	sent2 そして彼は同様に報復した。
line_id 1272	sent1 アンは料理の腕前でキムを助けた。	sent2 彼女はご飯を炊けなかったからだ。
line_id 1273	sent1 アンは料理の腕前でキムを助けた。	sent2 彼女は彼女が可哀想に感じたからだ。
line_id 1274	sent1 ジムはスノーボードを持った男を見つめていた。	sent2 彼は芸を披露していたからだ。
line_id 1276	sent1 キムはローラにマッシュルームをあげようとした。	sent2 彼女はそれらをあまりに沢山持っていたからだ。
line_id 1292	sent1 アメリカ人はマケインよりオバマを好んだ。	sent2 彼はジョー・バイデンを副大統領候補に選んだからだ。
line_id 1293	sent1 アメリカ人はマケインよりオバマを好んだ。	sent2 彼はサラ・ペイリンを副大統領候補に選んだからだ。
line_id 1296	sent1 米国大統領は中国国家主席と会談した。	sent2 そこで彼は彼に政治犯を釈放するよう言った。
line_id 1297	sent1 米国大統領は中国国家主席と会談した。	sent2 そこで彼は彼に中国の内政に干渉しないよう言った。
